City,Lat,Lng,Max Temp,Humidity,Cloudiness,Wind Speed,Country,Date
Mareeba,-17.0,145.4333,87.8,58,84,11.5,AU,1611640198
Quatre Cocos,-20.2078,57.7625,84.99,69,20,3.44,MU,1611640210
Castro,-24.7911,-50.0119,62.56,95,100,3.4,BR,1611640221
Port Hueneme,34.1478,-119.1951,50.0,61,1,26.46,US,1611640233
Hasaki,35.7333,140.8333,54.0,71,75,4.61,JP,1611640244
Arraial do Cabo,-22.9661,-42.0278,75.18,89,39,22.48,BR,1611640256
Rikitea,-23.1203,-134.9692,79.93,68,0,12.73,PF,1611640268
Karratha,-20.7377,116.8463,99.88,20,61,16.53,AU,1611640279
Puerto Ayora,-0.7393,-90.3518,77.0,95,37,3.0,EC,1611640290
Yellowknife,62.456,-114.3525,-18.0,69,40,14.97,CA,1611640144
Punta Arenas,-53.15,-70.9167,41.0,81,75,26.46,CL,1611640313
Port Elizabeth,-33.918,25.5701,68.0,88,0,5.75,ZA,1611640326
Pemba,-12.974,40.5178,80.13,78,67,7.54,MZ,1611640337
Mataura,-46.1927,168.8643,75.72,39,100,10.87,NZ,1611640350
Kulhudhuffushi,6.6221,73.07,81.12,72,97,10.92,MV,1611640362
George Town,5.4112,100.3354,87.8,58,20,3.44,MY,1611640218
Severo-Kuril'sk,50.6789,156.125,20.64,94,82,25.1,RU,1611640384
Grindavik,63.8424,-22.4338,28.4,59,90,28.77,IS,1611640395
Hobart,-42.8794,147.3294,68.0,32,40,25.32,AU,1611640406
New Norfolk,-42.7826,147.0587,66.99,41,64,5.01,AU,1611640417
Provideniya,64.3833,-173.3,4.08,92,100,8.21,RU,1611640428
Bathurst,-33.4166,149.5806,88.0,37,42,4.0,AU,1611640440
Hilo,19.7297,-155.09,71.6,83,75,6.91,US,1611640452
Kapaa,22.0752,-159.319,73.0,59,100,18.61,US,1611640228
Bluff,-46.6,168.3333,68.47,58,100,14.07,NZ,1611640474
East London,-33.0153,27.9116,69.8,78,0,3.44,ZA,1611640485
Ushuaia,-54.8,-68.3,42.8,65,40,16.11,AR,1611640306
Busselton,-33.65,115.3333,75.0,56,16,7.0,AU,1611640508
Leh,34.1667,77.5833,9.72,64,29,1.88,IN,1611640520
Clyde River,70.4692,-68.5914,8.6,78,1,31.07,CA,1611640531
São João da Barra,-21.6403,-41.0511,75.61,89,21,12.82,BR,1611640542
Atuona,-9.8,-139.0333,78.87,76,19,18.07,PF,1611640554
Okhotsk,59.3833,143.3,-16.35,79,0,9.15,RU,1611640565
Chui,-33.6971,-53.4616,70.34,86,0,5.41,UY,1611640578
Springdale,36.1867,-94.1288,44.01,75,40,10.36,US,1611640589
Yangi Marg`ilon,40.4272,71.7189,35.6,55,26,3.78,UZ,1611640600
Trabzon Province,40.9167,39.8333,62.6,23,75,18.41,TR,1611640611
Mutoko,-17.397,32.2268,66.18,86,89,2.01,ZW,1611640622
Thompson,55.7435,-97.8558,-13.0,77,75,3.44,CA,1611640633
Cidreira,-30.1811,-50.2056,73.94,82,0,5.93,BR,1611640644
Jamestown,42.097,-79.2353,30.2,64,90,8.05,US,1611640656
Saint Paul Harbor,57.79,-152.4072,37.4,75,40,9.22,US,1611640668
Mossamedes,-15.1961,12.1522,74.82,75,49,1.9,AO,1611640679
Saurimo,-9.6608,20.3916,65.44,92,99,1.95,AO,1611640690
Obo,5.3998,26.4869,73.15,44,48,2.82,CF,1611640701
Dikson,73.5069,80.5464,-24.65,86,100,13.13,RU,1611640712
Bengkulu,-3.8004,102.2655,81.82,66,79,8.86,ID,1611640723
Camaçari,-12.6975,-38.3242,80.6,69,40,10.36,BR,1611640734
Kilmallock,52.4,-8.5772,43.0,92,100,11.99,IE,1611640745
Barrow,71.2906,-156.7887,-11.2,77,90,8.05,US,1611640757
Vaini,-21.2,-175.2,77.0,94,75,14.97,TO,1611640768
Beringovskiy,63.05,179.3167,-3.05,91,100,13.69,RU,1611640779
Necochea,-38.5473,-58.7368,63.0,84,3,3.0,AR,1611640790
Pevek,69.7008,170.3133,-29.74,85,100,4.76,RU,1611640801
Kismayo,-0.3582,42.5454,79.92,71,19,15.52,SO,1611640748
Avarua,-21.2078,-159.775,82.4,78,40,12.66,CK,1611640824
Rio Bonito,-22.7086,-42.6097,82.0,73,0,5.75,BR,1611640585
Huarmey,-10.0681,-78.1522,71.4,77,100,6.53,PE,1611640847
Constitución,-35.3333,-72.4167,56.43,56,0,9.15,CL,1611640858
Acajutla,13.5928,-89.8275,76.51,79,0,5.19,SV,1611640781
Laas,46.6166,10.7002,21.99,86,0,1.14,IT,1611640880
Martapura,-3.4167,114.85,87.8,70,40,12.66,ID,1611640891
Castel Maggiore,44.5771,11.3607,30.2,69,0,5.75,IT,1611640902
Kitami,43.8031,143.8908,21.99,53,40,4.61,JP,1611640913
La Providencia,28.7167,-111.5833,57.0,71,16,1.99,MX,1611640925
Seredka,58.1584,28.1858,33.8,93,90,6.71,RU,1611640936
Lebu,-37.6167,-73.65,55.44,81,0,15.64,CL,1611640947
Shahrud,36.4182,54.9763,35.28,65,4,1.79,IR,1611640958
Sennar,13.5691,33.5672,74.43,51,10,15.97,SD,1611640969
Kahului,20.8947,-156.47,75.2,69,75,14.97,US,1611640864
Saint-Philippe,-21.3585,55.7679,86.0,62,0,8.05,RE,1611640991
Muravlenko,63.7898,74.523,-25.64,86,100,19.22,RU,1611641004
Ponta do Sol,32.6667,-17.1,59.0,71,9,3.0,PT,1611641015
Albany,42.6001,-73.9662,23.0,64,80,1.36,US,1611641026
Saldanha,-33.0117,17.9442,60.8,82,18,5.75,ZA,1611641037
Pioner,55.3166,85.9508,-29.2,68,40,2.24,RU,1611641048
Kiryat Gat,31.61,34.7642,52.0,71,44,3.85,IL,1611641060
General Pico,-35.6566,-63.7568,65.57,76,45,11.27,AR,1611641071
Bethel,41.3712,-73.414,28.4,50,1,3.44,US,1611640869
Zhanakorgan,43.9098,67.2495,25.86,88,0,2.08,KZ,1611641094
Kruisfontein,-34.0033,24.7314,75.99,70,0,1.01,ZA,1611641105
La Reforma,25.0833,-108.05,54.0,80,4,1.99,MX,1611641116
Bambous Virieux,-20.3428,57.7575,84.0,69,20,3.44,MU,1611641127
Fortuna,40.5982,-124.1573,36.0,100,90,3.02,US,1611640917
Saskylakh,71.9167,114.0833,-33.47,82,7,3.49,RU,1611641149
Puerto Ayacucho,5.6639,-67.6236,75.13,77,98,5.14,VE,1611641161
Channel-Port aux Basques,47.5702,-59.1367,28.29,93,86,9.98,CA,1611641172
Port Alfred,-33.5906,26.891,70.0,85,0,5.17,ZA,1611641183
Lavrentiya,65.5833,-171.0,3.61,93,100,4.81,RU,1611641194
San Cristobal,7.7669,-72.225,62.64,83,83,1.88,VE,1611641205
Biak,-0.9131,122.8766,84.09,64,100,6.04,ID,1611641205
Dongsheng,39.8161,109.9776,24.96,71,0,14.14,CN,1611641227
Tabou,4.423,-7.3528,76.42,89,66,4.36,CI,1611641238
Tkibuli,42.3477,42.9981,50.0,34,0,8.05,GE,1611641250
Vila Velha,-20.3297,-40.2925,73.4,94,40,3.44,BR,1611641261
Kodinsk,58.6881,99.1844,-29.25,79,88,1.32,RU,1611641273
Caucayá,-0.1934,-74.7819,71.8,96,100,0.76,CO,1611641284
Tuktoyaktuk,69.4541,-133.0374,-2.2,84,90,12.66,CA,1611641221
Nanortalik,60.1432,-45.2371,17.89,85,4,9.86,GL,1611641202
Mercedes,-34.6515,-59.4307,80.01,61,76,1.01,AR,1611641318
Champerico,14.3,-91.9167,62.01,73,8,9.06,GT,1611641306
Gorontalo,0.5412,123.0595,82.54,76,100,3.98,ID,1611641271
Pirovskoye,57.6267,92.2658,-28.17,82,81,2.73,RU,1611641351
Finschhafen,-6.6024,147.8681,87.15,68,70,14.09,PG,1611641362
Russell,32.3502,-85.1999,69.8,78,90,10.36,US,1611641373
Bang Saphan,11.2126,99.5117,86.0,70,40,5.75,TH,1611641384
Brae,60.3964,-1.353,32.0,86,48,3.44,GB,1611641395
Xingcheng,40.6167,120.7167,39.79,54,0,10.0,CN,1611641352
Marabá,-5.3686,-49.1178,72.09,98,90,2.93,BR,1611641418
Chapais,49.7834,-74.8492,-0.4,85,90,3.44,CA,1611641429
Zabid,14.1951,43.3152,74.98,62,5,3.67,YE,1611641440
Katsuura,35.1333,140.3,54.0,58,75,4.61,JP,1611641199
Lowestoft,52.4752,1.7516,34.0,91,20,9.93,GB,1611641462
Butaritari,3.0707,172.7902,80.56,73,71,7.31,KI,1611641216
Flinders,-34.5833,150.8552,82.99,63,83,11.99,AU,1611641257
La Joya,18.6667,-99.4667,66.0,62,32,3.87,MX,1611641495
Cherskiy,68.75,161.3,-38.11,81,51,4.21,RU,1611641228
Kiama,-34.6833,150.8667,84.99,63,90,11.99,AU,1611641518
Winsum,53.33,6.5208,36.0,95,14,9.78,NL,1611641529
Hermanus,-34.4187,19.2345,73.0,75,13,4.0,ZA,1611641218
Opuwo,-18.0607,13.84,68.4,73,74,2.33,NA,1611641238
Mount Darwin,-16.7725,31.5838,65.41,94,100,2.19,ZW,1611641564
Elko,41.0002,-115.5012,26.6,80,90,5.75,US,1611641575
Alice,27.7523,-98.0697,71.6,45,75,5.75,US,1611641586
Xining,36.6167,101.7667,26.35,73,100,2.82,CN,1611641597
Altay,47.8667,88.1167,3.36,87,99,2.86,CN,1611641250
Manono,-7.3,27.4167,69.91,93,69,3.04,CD,1611641619
Navolato,24.7672,-107.6944,57.0,82,18,1.99,MX,1611641631
Hyères,43.1167,6.1167,41.0,56,0,4.61,FR,1611641642
Bredasdorp,-34.5322,20.0403,66.2,82,13,3.44,ZA,1611641137
Mahébourg,-20.4081,57.7,86.0,58,20,9.22,MU,1611641664
Olafsvik,64.8945,-23.7142,25.12,95,100,28.9,IS,1611641349
Talnakh,69.4865,88.3972,-28.57,82,100,11.34,RU,1611641246
Dzaoudzi,-12.7887,45.2699,86.0,58,0,3.44,YT,1611641698
Leningradskiy,69.3833,178.4167,-17.27,86,100,16.87,RU,1611641300
Wasilla,61.5814,-149.4394,21.2,85,1,1.59,US,1611641297
Itaituba,-4.2761,-55.9836,71.49,94,76,1.48,BR,1611641731
Ballina,-28.8667,153.5667,86.0,65,0,17.27,AU,1611641365
Sorong,-0.8833,131.25,83.71,73,99,10.0,ID,1611641473
Bangui,4.3612,18.555,75.2,88,98,1.41,CF,1611641765
Palauig,15.435,119.9045,83.05,74,100,5.61,PH,1611641777
Karpathos,35.507,27.2132,62.6,77,40,13.8,GR,1611641353
Nikolskoye,59.7035,30.7861,35.6,93,90,11.18,RU,1611641246
Rundu,-17.9333,19.7667,70.3,83,83,2.33,NA,1611641810
Trairi,-3.2778,-39.2689,77.77,86,100,7.63,BR,1611641821
Aklavik,68.2191,-135.0107,-7.6,77,100,3.44,CA,1611641297
Hong Kong,22.2855,114.1577,73.0,60,8,8.01,HK,1611641585
Whitianga,-36.8333,175.7,75.0,72,0,5.99,NZ,1611641854
Corinth,37.9407,22.9573,51.01,57,100,1.01,GR,1611641866
Muros,42.7762,-9.0603,57.99,96,100,7.05,ES,1611641877
Huainan,32.6264,116.9969,46.62,75,99,6.38,CN,1611641888
Mount Gambier,-37.8333,140.7667,66.2,59,90,21.85,AU,1611641319
Qaanaaq,77.484,-69.3632,5.05,65,0,7.85,GL,1611641910
Salalah,17.0151,54.0924,78.8,34,0,5.75,OM,1611641921
Rawicz,51.6095,16.8585,35.01,97,95,12.33,PL,1611641933
Pisco,-13.7,-76.2167,69.01,85,79,1.01,PE,1611641944
West Bay,19.3667,-81.4167,79.0,79,100,15.52,KY,1611641955
Indianola,41.3581,-93.5574,19.4,86,90,20.71,US,1611641966
Funtua,11.5233,7.3081,60.49,26,80,9.75,NG,1611641977
Umri,26.5106,78.9367,63.95,38,0,4.61,IN,1611641988
Merauke,-8.4667,140.3333,84.07,77,100,14.07,ID,1611642000
Nemuro,43.3236,145.575,17.6,57,75,3.44,JP,1611642012
Turukhansk,65.8167,87.9833,-38.45,78,69,8.43,RU,1611642023
Machinga,-15.1685,35.3,69.26,92,100,0.81,MW,1611642034
Lagoa,39.05,-27.9833,62.1,87,100,17.13,PT,1611642045
Saint Simons,31.1352,-81.3901,64.4,94,1,6.91,US,1611642058
Wanlaweyn,2.6185,44.8938,79.84,54,14,19.42,SO,1611642069
Hithadhoo,-0.6,73.0833,81.9,68,100,2.86,MV,1611642080
Mana,5.6592,-53.7767,76.3,87,71,11.72,GF,1611642091
Port Hedland,-20.3167,118.5667,98.6,30,100,17.27,AU,1611642103
Inhambane,-23.865,35.3833,86.0,74,40,9.22,MZ,1611642114
Mumbwa,-14.9783,27.0619,64.17,97,100,5.26,ZM,1611641949
General Roca,-39.0333,-67.5833,68.0,42,0,9.22,AR,1611642136
Richards Bay,-28.783,32.0377,75.85,76,97,8.86,ZA,1611642148
Aykhal,66.0,111.5,-35.1,79,15,2.19,RU,1611641956
Seydi,39.4816,62.9137,31.6,92,0,5.37,TM,1611641993
Victor Harbor,-35.5667,138.6167,68.0,64,57,3.0,AU,1611642181
Ilulissat,69.2167,-51.1,3.2,60,0,9.22,GL,1611642192
Atambua,-9.1061,124.8925,79.39,81,87,7.43,ID,1611642061
Namtsy,62.7161,129.6658,-54.4,52,52,2.51,RU,1611642215
Palmer,42.1584,-72.3287,27.0,58,90,2.93,US,1611642226
Port Blair,11.6667,92.75,81.21,65,19,12.26,IN,1611642237
Mayumba,-3.432,10.6554,77.92,86,68,5.19,GA,1611642248
Khatanga,71.9667,102.5,-20.65,87,100,6.96,RU,1611642259
Northam,51.0333,-4.2167,39.99,84,100,5.99,GB,1611642270
Narsaq,60.9167,-46.05,21.2,27,49,26.46,GL,1611642281
Kieta,-6.2167,155.6333,85.71,65,64,7.31,PG,1611642294
Half Moon Bay,37.4636,-122.4286,46.99,71,75,21.85,US,1611642306
Sangmélima,2.9333,11.9833,68.65,95,73,1.81,CM,1611642317
Longonjo,-12.9067,15.2533,63.37,73,65,1.39,AO,1611642328
Barentu,15.1139,37.5928,71.74,59,83,5.08,ER,1611642339
Sikeston,36.8767,-89.5879,42.8,100,90,9.22,US,1611642351
Bubaque,11.2833,-15.8333,76.28,72,10,9.6,GW,1611642362
San Miguel de Cozumel,20.5083,-86.9458,78.01,91,99,4.0,MX,1611642374
Coquimbo,-29.9533,-71.3436,60.8,88,90,4.61,CL,1611642385
Severobaykal'sk,55.65,109.3167,-0.06,80,100,5.64,RU,1611642396
Esperance,-33.8667,121.9,75.2,50,11,20.71,AU,1611642407
Lorengau,-2.0226,147.2712,85.24,67,89,9.62,PG,1611642419
Cairns,-16.9167,145.7667,87.8,58,100,11.5,AU,1611642431
Halifax,44.6453,-63.5724,30.99,86,69,6.91,CA,1611642357
Cayenne,4.9333,-52.3333,78.8,83,90,6.91,GF,1611642453
Kalmunai,7.4167,81.8167,80.04,66,96,13.15,LK,1611642464
Iwaki,37.05,140.8833,51.01,72,100,1.99,JP,1611642475
Husavik,66.0449,-17.3389,21.2,73,90,5.75,IS,1611642486
Nchelenge,-9.3451,28.734,69.19,84,100,3.36,ZM,1611642497
Sozopol,42.4167,27.7,37.4,100,98,3.44,BG,1611642509
Hualmay,-11.0964,-77.6139,70.99,75,100,7.94,PE,1611642521
Grand Gaube,-20.0064,57.6608,82.99,71,18,3.0,MU,1611642532
San Patricio,28.017,-97.5169,69.8,43,90,17.27,US,1611642543
Hofn,64.2539,-15.2082,23.11,88,71,21.83,IS,1611642556
Port Hardy,50.6996,-127.4199,39.2,100,20,3.44,CA,1611642567
Mońki,53.405,22.7979,30.0,94,100,17.76,PL,1611642579
Mahibadhoo,3.7833,72.9667,81.48,76,99,16.91,MV,1611642590
Cabo San Lucas,22.8909,-109.9124,57.99,75,95,1.99,MX,1611642601
Kathmandu,27.7167,85.3167,63.86,30,0,2.66,NP,1611642464
Ubari,26.5921,12.7805,58.68,32,99,6.69,LY,1611642623
Airai,-8.9266,125.4092,67.95,99,100,4.7,TL,1611642634
Puri,19.8,85.85,80.6,69,40,3.44,IN,1611642646
Bitung,1.4451,125.1824,80.6,78,40,9.22,ID,1611642657
Kholm,59.2667,32.85,35.94,90,100,8.93,RU,1611642669
Pochutla,15.7432,-96.4661,73.0,67,0,3.11,MX,1611642680
Alofi,-19.0595,-169.9187,73.4,94,100,3.44,NU,1611642691
Sandwick,60.0,-1.25,32.0,86,0,3.44,GB,1611642702
Mar del Plata,-38.0023,-57.5575,68.0,94,90,9.22,AR,1611642713
Chernoye,55.3038,40.233,32.9,95,98,12.3,RU,1611642725
Sitka,57.0531,-135.33,28.4,93,1,4.68,US,1611642736
Karaton,-6.3424,106.1045,93.99,70,40,17.27,ID,1611642748
Ţahţā,26.7693,31.5021,44.6,93,0,2.3,EG,1611642759
Ust-Nera,64.5667,143.2,-26.84,75,100,2.55,RU,1611642733
Tiarei,-17.5333,-149.3333,82.4,57,40,5.75,PF,1611642691
Bacolod City,10.6667,122.95,82.74,67,54,14.72,PH,1611642795
Ciudad del Carmen,18.6333,-91.8333,76.57,76,1,14.9,MX,1611642591
Norman Wells,65.282,-126.8329,-14.8,76,75,4.61,CA,1611642818
Songjianghe,42.1859,127.479,29.5,87,83,8.77,CN,1611642829
Carutapera,-1.195,-46.02,76.19,89,100,4.05,BR,1611642840
Chālūs,36.655,51.4204,46.4,66,0,3.91,IR,1611642851
Te Anau,-45.4167,167.7167,64.92,67,100,8.63,NZ,1611642862
Ambilobe,-13.2,49.05,85.14,68,13,4.5,MG,1611642874
Zhezkazgan,47.8043,67.7144,14.14,96,81,5.06,KZ,1611642885
Kandrian,-6.2167,149.55,86.79,70,100,6.71,PG,1611642896
Faya,18.3851,42.4509,62.6,39,0,1.34,SA,1611642907
Nyrob,60.733,56.7202,34.99,97,100,9.78,RU,1611642918
Podor,16.6527,-14.9587,60.8,33,0,2.3,MR,1611642929
Mahanoro,-19.9,48.8,84.76,64,40,6.49,MG,1611642940
Eyl,7.9803,49.8164,78.08,60,91,19.46,SO,1611642951
Tasiilaq,65.6145,-37.6368,6.8,51,91,16.11,GL,1611642963
Manjacaze,-24.7117,33.8828,84.81,67,67,6.06,MZ,1611642974
Cape Town,-33.9258,18.4232,75.0,73,20,16.11,ZA,1611642889
Douentza,14.9951,-2.9517,57.07,28,70,2.24,ML,1611642996
Nara,34.6851,135.8049,66.2,48,75,9.22,JP,1611643007
Prado,-17.3411,-39.2208,75.13,87,88,6.62,BR,1611643018
Hirado,33.3597,129.5531,59.0,94,75,16.11,JP,1611643030
Gamba,-2.65,10.0,79.11,86,79,3.76,GA,1611643041
Cururupu,-1.8283,-44.8683,74.66,96,97,2.89,BR,1611643053
Urucará,-2.5364,-57.76,72.91,98,98,1.81,BR,1611643064
Labuhan,-6.8844,112.2051,85.15,71,81,9.22,ID,1611643075
Alta Floresta,-9.8756,-56.0861,70.14,97,92,2.53,BR,1611643086
Baruun-Urt,46.6806,113.2792,0.5,84,0,15.32,MN,1611643097
Velika Kladuša,45.1894,15.8117,27.0,94,7,1.61,BA,1611643108
Faanui,-16.4833,-151.75,81.12,77,100,17.94,PF,1611643120
Hukeri,16.2333,74.6,80.6,29,0,6.91,IN,1611643131
Corbélia,-24.7989,-53.3067,64.51,98,97,4.56,BR,1611643143
Mirny,62.5353,113.9611,-36.4,82,64,2.46,RU,1611643154
Port Lincoln,-34.7333,135.8667,67.03,56,0,14.7,AU,1611643165
Kaitangata,-46.2817,169.8464,78.01,40,100,15.01,NZ,1611643176
Carnarvon,-24.8667,113.6333,82.4,54,0,19.57,AU,1611643187
Liberty,31.8335,-81.5004,66.2,82,1,8.05,US,1611643198
Tiksi,71.6872,128.8694,-35.9,82,98,3.53,RU,1611643209
Kyabé,9.4515,18.9449,80.15,17,6,8.39,TD,1611643220
Intipucá,13.1969,-88.0544,73.92,76,1,2.42,SV,1611643232
Alice Springs,-23.7,133.8833,100.4,23,90,11.5,AU,1611643243
Muroto-misakicho,33.2833,134.15,60.8,88,75,25.32,JP,1611643254
Manggar,-2.8833,108.2667,83.68,72,29,6.69,ID,1611643265
Namasuba,0.6894,32.4214,79.14,48,100,2.73,UG,1611643276
Topeka,39.0483,-95.678,28.4,93,90,8.05,US,1611643287
Verkh-Suetka,53.3,80.05,-4.5,91,96,4.88,RU,1611643298
Diffa,13.3154,12.6113,69.94,20,88,13.98,NE,1611643309
Thunder Bay,48.4001,-89.3168,-2.99,77,1,5.35,CA,1611643321
Chokurdakh,70.6333,147.9167,-41.1,77,7,1.74,RU,1611643332
Magway,20.15,94.9167,88.7,24,0,1.01,MM,1611643343
Barzas,55.7167,86.3167,-29.2,68,40,2.24,RU,1611643354
Yulara,-25.2406,130.9889,91.4,40,40,11.5,AU,1611643365
Bonavista,48.6499,-53.1147,30.99,100,100,6.91,CA,1611643376
Meadow Lake,34.8014,-106.5436,36.0,93,90,12.66,US,1611643387
Padang,-0.9492,100.3543,86.0,66,40,4.61,ID,1611643398
Egvekinot,66.3167,-179.1667,-9.78,89,100,8.48,RU,1611643409
Longyearbyen,78.2186,15.6401,10.4,61,20,17.27,SJ,1611643215
Walvis Bay,-22.9575,14.5053,70.0,88,92,5.75,NA,1611643433
Tahe,52.3333,124.7333,-8.27,86,100,4.21,CN,1611643444
Lüderitz,-26.6481,15.1594,70.09,57,57,19.1,NA,1611643455
Makat,47.6469,53.3463,30.16,95,98,19.82,KZ,1611643466
Iqaluit,63.7506,-68.5145,-2.0,78,1,11.5,CA,1611643454
Makakilo City,21.3469,-158.0858,71.6,94,75,4.61,US,1611643279
Swellendam,-34.0226,20.4417,69.8,73,83,5.75,ZA,1611643499
Palāsa,18.7667,84.4167,82.62,55,69,8.61,IN,1611643397
Pacific Grove,36.6177,-121.9166,48.99,61,75,11.5,US,1611643522
Klaksvík,62.2266,-6.589,28.4,74,84,9.22,FO,1611643533
Andahuaylas,-13.6556,-73.3872,51.55,81,100,2.68,PE,1611643544
Bosaso,11.2842,49.1816,77.0,69,0,21.85,SO,1611643555
Gizo Government Station,-8.103,156.8419,85.05,69,88,11.77,SB,1611643566
Vysokogornyy,50.1167,139.15,1.94,91,100,4.81,RU,1611643578
Cockburn Town,21.4612,-71.1419,75.72,79,100,20.62,TC,1611643589
Kasama,-10.2129,31.1808,63.28,92,95,5.03,ZM,1611643600
Geraldton,-28.7667,114.6,73.4,62,0,18.16,AU,1611643611
Caronport,50.4501,-105.8179,-16.6,76,29,5.75,CA,1611643622
Touros,-5.1989,-35.4608,77.88,81,99,11.61,BR,1611643633
Kavaratti,10.5669,72.642,81.41,71,41,10.76,IN,1611643644
Chazuta,-6.5742,-76.1367,72.05,87,99,0.51,PE,1611643655
Deputatsky,69.3,139.9,-43.17,83,85,2.35,RU,1611643667
Mayor Pablo Lagerenza,-19.9309,-60.7718,74.52,68,100,9.06,PY,1611643679
Soubre,5.7856,-6.6083,71.19,97,87,2.06,CI,1611643690
Boueni,-12.9025,45.0761,87.8,58,0,3.44,YT,1611643701
Karatau,43.1667,70.4667,19.65,94,50,3.51,KZ,1611643713
Auki,-8.7676,160.7034,82.99,71,100,7.07,SB,1611643724
Shimoda,34.6667,138.95,55.4,71,75,9.22,JP,1611643736
Kumul,42.8,93.45,26.89,72,100,11.14,CN,1611643747
Belyy Yar,53.6039,91.3903,-16.6,69,100,4.47,RU,1611643758
Lompoc,34.6391,-120.4579,48.2,61,7,11.5,US,1611643769
Myrtle Beach,33.6891,-78.8867,63.0,94,1,8.05,US,1611643506
Burnie,-41.0667,145.9167,69.01,48,0,17.0,AU,1611643792
Linkou,45.3,130.2833,27.7,93,15,5.64,CN,1611643803
Nome,64.5011,-165.4064,3.2,78,20,0.96,US,1611643815
Bac Lieu,9.285,105.7244,84.31,56,93,16.08,VN,1611643826
San Mateo del Mar,16.2,-95.0,80.82,75,0,13.11,MX,1611643837
Ol'ga,43.7444,135.2892,30.29,98,100,1.43,RU,1611643848
Mazagão,-0.115,-51.2894,77.0,94,40,2.3,BR,1611643859
Zhigansk,66.7697,123.3711,-53.66,70,93,0.89,RU,1611643871
Mulgund,15.25,75.5333,82.4,36,0,4.61,IN,1611643873
Aswān,24.0934,32.907,61.86,30,0,10.38,EG,1611643893
Souillac,-20.5167,57.5167,86.0,58,20,9.22,MU,1611643905
Mapiripán,2.8892,-72.1256,73.96,92,100,2.86,CO,1611643916
Mazatlán,23.2167,-106.4167,63.0,67,75,4.61,MX,1611643820
Monselice,45.2424,11.749,32.0,85,0,1.99,IT,1611643938
Yerofey Pavlovich,53.9667,121.9667,-4.49,88,100,5.53,RU,1611643949
Kloulklubed,7.0419,134.2556,83.07,79,100,18.39,PW,1611643960
Nizwá,22.9333,57.5333,75.76,27,0,4.79,OM,1611643766
Hanzhong,33.0728,107.0303,53.2,40,100,5.55,CN,1611643982
Yumen,40.2833,97.2,30.31,67,57,20.71,CN,1611643994
Přelouč,50.0398,15.5603,30.2,86,0,10.36,CZ,1611644005
Nur-Sultan,51.1801,71.446,22.01,98,99,10.96,KZ,1611643900
Delījān,33.9905,50.6838,43.74,44,100,3.22,IR,1611644027
Plettenberg Bay,-34.0527,23.3716,73.71,64,0,10.25,ZA,1611644038
Moose Factory,51.2585,-80.6094,5.0,85,90,3.44,CA,1611644049
Zharkent,44.1628,80.0,24.76,88,0,3.4,KZ,1611643827
Newport,51.5877,-2.9984,37.0,95,100,10.74,GB,1611644071
Ixtapa,20.7,-105.2,62.08,83,12,2.35,MX,1611644082
Yaring,6.8662,101.3689,87.8,58,20,6.91,TH,1611644095
Nadym,65.5333,72.5167,-17.79,88,100,16.24,RU,1611644106
Tyrma,50.0833,132.1667,8.4,92,100,5.39,RU,1611644117
High Rock,26.6208,-78.2833,74.19,84,100,15.3,BS,1611644128
Vestmannaeyjar,63.4427,-20.2734,32.0,74,75,37.98,IS,1611644091
Rawson,-43.3002,-65.1023,63.45,39,0,9.17,AR,1611644150
Hopelchén,19.7667,-89.85,71.8,93,32,5.61,MX,1611644161
Acarí,-15.4311,-74.6158,71.6,68,98,1.25,PE,1611644172
Pilar,-9.5972,-35.9567,73.4,94,75,11.5,BR,1611644184
Olinda,-8.0089,-34.8553,78.8,69,40,9.22,BR,1611644195
Belmonte,-15.8631,-38.8828,73.4,88,40,4.61,BR,1611644206
Amahai,-3.3333,128.9167,85.6,72,100,9.55,ID,1611644217
Huntington,38.4193,-82.4452,39.99,93,90,6.91,US,1611644228
Karnobat,42.65,26.9833,41.0,100,100,3.44,BG,1611644239
Barcelos,41.5388,-8.6151,57.2,100,75,5.75,PT,1611644250
Haines Junction,60.7522,-137.5108,6.8,92,94,1.14,CA,1611644261
Tsimmerbude,54.675,20.1347,35.6,80,75,13.42,RU,1611644273
Ancud,-41.8697,-73.8203,48.0,93,0,2.82,CL,1611644284
Torbay,47.6666,-52.7314,30.0,100,90,11.5,CA,1611644295
São Filipe,14.8961,-24.4956,71.85,68,0,4.92,CV,1611644306
Yuxia,34.0615,108.6291,48.2,46,97,4.47,CN,1611644318
Kudahuvadhoo,2.6708,72.8944,81.57,78,4,17.11,MV,1611644329
Cravo Norte,6.3017,-70.2041,76.42,68,100,5.06,CO,1611644340
Săsciori,45.8667,23.5833,30.2,93,90,0.83,RO,1611644351
Itarema,-2.9248,-39.9167,77.88,86,100,10.29,BR,1611644363
Verkhovazh'ye,60.7472,42.0465,31.01,98,93,6.8,RU,1611644374
Isangel,-19.55,169.2667,82.4,78,90,5.75,VU,1611644385
Toora-Khem,52.4675,96.11,-4.58,85,100,0.74,RU,1611644396
Police,53.5521,14.5718,34.0,99,28,7.85,PL,1611644351
Dillon,34.4166,-79.3712,53.01,100,90,7.92,US,1611644418
College Station,30.628,-96.3344,51.8,71,1,2.37,US,1611644330
Vanavara,60.34,102.2797,-28.25,82,61,1.7,RU,1611644441
La Ronge,55.1001,-105.2842,-32.8,61,0,0.29,CA,1611644452
Iralaya,15.0,-83.2333,77.81,86,21,13.22,HN,1611644463
Whitehorse,60.7161,-135.0538,10.4,85,90,8.05,CA,1611644474
Upernavik,72.7868,-56.1549,4.57,84,0,5.82,GL,1611644485
Río Gallegos,-51.6226,-69.2181,41.0,60,0,23.02,AR,1611644309
Piaçabuçu,-10.4056,-36.4344,76.19,84,100,8.72,BR,1611644424
Maralal,1.0968,36.698,67.42,45,3,11.01,KE,1611644519
Puerto Rico,-26.796,-55.024,69.66,97,100,4.12,AR,1611644476
Unirea,44.15,23.1833,34.0,96,100,1.01,RO,1611644541
Anadyr,64.75,177.4833,-2.0,78,90,11.18,RU,1611644553
Christchurch,-43.5333,172.6333,91.4,21,74,17.27,NZ,1611644479
Ekhabi,53.5102,142.9671,-19.55,86,0,2.39,RU,1611644576
Marawi,7.9986,124.2928,82.0,81,90,5.99,PH,1611644587
Uruçuí,-7.2294,-44.5561,74.14,82,16,2.35,BR,1611644598
Jesup,31.6074,-81.8854,64.4,88,1,6.51,US,1611644609
Acapulco de Juárez,16.8634,-99.8901,74.34,84,0,3.74,MX,1611644620
Coari,-4.085,-63.1414,72.7,96,30,1.5,BR,1611644631
Perivoli,39.4206,20.0147,54.0,94,75,14.97,GR,1611644642
Sidi Ali,36.0998,0.4206,55.24,99,42,12.24,DZ,1611644653
Cap Malheureux,-19.9842,57.6142,82.99,71,22,4.0,MU,1611644664
Luena,-11.7833,19.9167,66.2,94,0,8.05,AO,1611644627
Kamenka,51.3223,42.7678,34.0,92,100,18.52,RU,1611644687
Pāveh,35.0434,46.3565,26.6,80,0,2.1,IR,1611644698
Moussoro,13.6408,16.4901,71.19,18,100,15.01,TD,1611644590
Khanpur,28.6453,70.6567,73.18,17,0,6.8,PK,1611644475
Henties Bay,-22.116,14.2845,65.82,85,98,2.24,NA,1611644732
Rio Grande,-32.035,-52.0986,73.99,95,0,7.18,BR,1611644746
Kenora,49.8167,-94.4337,-9.0,77,90,4.61,CA,1611644736
Port-Cartier,50.0334,-66.8654,32.0,64,100,6.91,CA,1611644769
Sayyan,15.1718,44.3244,63.28,21,80,3.22,YE,1611644780
Beatrice,40.2681,-96.747,21.2,86,90,17.27,US,1611644649
Hamilton,39.1834,-84.5333,35.6,93,90,4.61,US,1611644802
San Policarpo,12.1791,125.5072,81.19,73,100,10.67,PH,1611644814
Wajir,1.7471,40.0573,78.8,69,40,6.91,KE,1611644826
Elliot,-31.3333,27.85,75.69,52,93,6.71,ZA,1611644837
Kenai,60.5544,-151.2583,17.01,85,1,4.76,US,1611644848
Lakes Entrance,-37.8811,147.981,64.99,87,91,7.72,AU,1611644859
Koumac,-20.5667,164.2833,81.95,70,100,7.14,NC,1611644870
Port Keats,-14.25,129.55,79.88,86,100,9.19,AU,1611644881
College,64.8569,-147.8028,-8.0,70,1,1.66,US,1611644755
Sabang,5.8933,95.3214,81.68,78,63,15.7,ID,1611644668
Tautira,-17.7333,-149.15,82.0,61,40,5.75,PF,1611644915
Taoudenni,22.6783,-3.9836,63.82,25,0,7.63,ML,1611644871
Bathsheba,13.2167,-59.5167,77.0,73,20,16.11,BB,1611644937
Uglovoye,44.8215,33.6045,51.01,39,100,10.0,UA,1611644948
Nang Rong,14.6377,102.7914,93.2,59,1,10.36,TH,1611644959
Karpogory,64.0019,44.4451,33.28,96,100,3.87,RU,1611644971
Sinnamary,5.3833,-52.95,76.46,84,7,13.33,GF,1611644982
Pierre,44.3683,-100.351,14.0,79,90,5.75,US,1611644911
Armidale,-30.5167,151.65,79.65,43,6,8.03,AU,1611645005
Rexburg,43.826,-111.7897,1.4,85,1,4.61,US,1611644875
Lillesand,58.2488,8.3778,23.0,86,0,4.61,NO,1611645027
Mount Isa,-20.7333,139.5,96.8,32,40,4.61,AU,1611645038
Ust-Maya,60.4167,134.5333,-47.63,75,50,2.35,RU,1611645049
Bani Walid,31.7566,13.9942,59.02,46,93,16.26,LY,1611645062
Oranjemund,-28.55,16.4333,65.44,80,65,12.57,NA,1611645074
Blackwater,-23.5833,148.8833,92.26,32,63,8.14,AU,1611645085
Manaquiri,-3.3167,-60.35,75.2,94,75,1.14,BR,1611645096
Katobu,-4.9408,122.5276,83.64,73,100,7.9,ID,1611644837
Codrington,-38.2667,141.9667,60.28,70,94,17.9,AU,1611645119
Agadez,19.75,10.25,55.94,30,0,8.08,NE,1611645131
San Carlos,9.6612,-68.5827,71.53,78,100,3.18,VE,1611645143
Tuensang,26.2833,94.8333,70.03,34,6,3.18,IN,1611644859
Aquiraz,-3.9014,-38.3911,78.8,83,75,8.05,BR,1611645166
Buala,-8.145,159.5921,84.25,70,100,8.57,SB,1611645177
Dnestrovsc,46.6222,29.9133,35.6,93,75,2.06,MD,1611645188
Albion,42.2431,-84.753,30.2,80,90,9.22,US,1611645199
Gouré,13.9835,10.2704,71.01,11,62,11.99,NE,1611645210
Springboro,39.5523,-84.2333,34.0,93,90,10.36,US,1611645222
Mpika,-11.8343,31.4529,62.17,94,99,2.55,ZM,1611645233
Snåase,64.2457,12.3778,23.0,80,40,17.27,NO,1611645244
Sibolga,1.7427,98.7792,84.11,71,100,5.48,ID,1611645255
Vardø,70.3705,31.1107,28.4,86,75,27.63,NO,1611645266
Derzhavīnsk,51.1,66.3167,22.26,98,83,10.56,KZ,1611645277
Sioux Lookout,50.1001,-91.917,-18.4,83,75,4.61,CA,1611645288
Taveta,-3.3963,37.6736,77.54,62,46,5.64,KE,1611645299
Gumdag,39.2061,54.5906,38.84,72,0,23.53,TM,1611645311
Stow,41.1595,-81.4404,33.01,80,90,9.22,US,1611645322
Kapuskasing,49.4169,-82.4331,1.4,85,94,3.44,CA,1611645333
Krasnobrodskiy,54.1581,86.4486,-12.78,89,96,1.95,RU,1611645344
Hobyo,5.3505,48.5268,80.24,60,100,20.07,SO,1611645355
Tessalit,20.1986,1.0114,60.03,24,81,8.01,ML,1611645366
Neiafu,-18.65,-173.9833,75.2,94,90,9.22,TO,1611645377
Harbour Breton,47.4833,-55.7983,29.79,95,100,7.58,CA,1611645389
Tegul'det,57.3064,88.1667,-26.81,80,92,2.35,RU,1611645400
Pedersore,63.65,22.6833,28.99,93,90,5.75,FI,1611645411
Vila Franca do Campo,37.7167,-25.4333,62.6,88,75,12.66,PT,1611645422
Katherine,-14.4667,132.2667,86.0,70,100,10.36,AU,1611645433
Ust'-Charyshskaya Pristan',52.3934,83.6635,4.59,93,98,1.95,RU,1611645444
Tortolì,39.9256,9.6572,46.4,49,20,18.41,IT,1611645455
Feicheng,35.2606,117.9675,55.0,61,100,1.01,CN,1611645466
Rio das Ostras,-22.5269,-41.945,75.2,88,0,8.05,BR,1611645480
Ucluelet,48.9329,-125.5528,37.0,90,29,7.52,CA,1611645491
Rusape,-18.5278,32.1284,63.1,84,100,5.28,ZW,1611645502
Filingué,14.3521,3.3168,63.03,22,46,9.66,NE,1611645513
Flin Flon,54.7682,-101.865,-24.0,86,0,4.27,CA,1611645310
Vestmanna,62.1564,-7.1664,30.2,74,66,11.5,FO,1611645535
Luwuk,-0.9516,122.7875,88.0,54,100,4.09,ID,1611645546
Pitimbu,-7.4706,-34.8086,75.2,100,75,4.61,BR,1611645558
Ware,51.8126,-0.0283,30.0,100,100,3.44,GB,1611645569
Santa Rosa,14.3122,121.1114,87.01,66,40,2.3,PH,1611645497
Vostochnyy,55.8167,37.8667,34.0,93,90,13.42,RU,1611645591
Saltpond,5.2091,-1.0606,76.32,82,83,4.54,GH,1611645603
Wanaka,-44.7,169.15,68.2,59,100,10.51,NZ,1611645614
Blythe,33.6103,-114.5964,43.0,75,90,12.66,US,1611645626
Puerto Escondido,15.85,-97.0667,77.29,61,0,4.05,MX,1611645638
Manavālakurichi,8.1333,77.3,87.8,51,20,3.44,IN,1611645649
Bobo-Dioulasso,11.1771,-4.2979,63.36,26,90,4.99,BF,1611645661
Nampa,43.5407,-116.5635,27.0,100,100,1.45,US,1611645672
Fuengirola,36.54,-4.6247,61.0,82,20,9.22,ES,1611645683
Vao,-22.6667,167.4833,76.78,78,100,23.8,NC,1611645694
Uch,45.3192,-0.9345,32.0,86,0,5.75,FR,1611645706
Ojuelos de Jalisco,21.8667,-101.5833,52.74,43,60,7.96,MX,1611645718
Divnogorsk,55.9594,92.3619,-22.0,69,20,2.24,RU,1611645730
Tigre,-34.426,-58.5796,80.01,61,0,2.3,AR,1611645741
Vostok,46.4856,135.8833,21.88,98,100,4.25,RU,1611645752
Qaryat Sulūq,31.6682,20.2521,56.55,66,100,11.14,LY,1611645495
Miandrivazo,-19.5167,45.4667,77.32,78,100,2.08,MG,1611645774
Novikovo,51.1537,37.8879,36.05,93,100,19.89,RU,1611645787
Mungaoli,24.4167,78.1,70.81,27,0,6.89,IN,1611645798
Road Town,18.4167,-64.6167,75.99,84,0,13.0,VG,1611645754
Payo,-3.7508,103.6372,87.67,56,92,4.61,ID,1611645820
Longkou,37.6508,120.3286,36.46,80,0,8.84,CN,1611645831
Sendafa,9.15,39.0333,62.49,34,0,7.07,ET,1611645842
Chemal,51.4111,86.005,14.4,86,100,0.43,RU,1611645854
Baharly,38.4362,57.4316,42.98,57,0,11.16,TM,1611645865
Ternate,0.8,127.4,81.01,78,100,11.34,ID,1611645876
Talara,-4.5772,-81.2719,73.67,80,87,11.05,PE,1611645887
Lohja,60.2486,24.0653,33.01,99,100,4.0,FI,1611645898
Greece,43.2098,-77.6931,28.99,68,90,5.75,US,1611645909
Bol,13.4586,14.7147,71.83,31,59,18.84,TD,1611645920
Baykit,61.67,96.37,-31.49,77,50,0.85,RU,1611645932
Charyshskoye,51.3978,83.5598,12.11,88,100,5.08,RU,1611645943
Tuatapere,-46.1333,167.6833,75.99,39,100,15.99,NZ,1611645954
Zaragoza,41.6561,-0.8773,43.0,87,0,8.05,ES,1611645760
Shima,24.4478,117.8111,71.6,56,0,8.95,CN,1611645976
Nsanje,-16.92,35.262,84.81,72,95,1.05,MW,1611645987
Omboué,-1.5746,9.2618,79.65,84,70,3.22,GA,1611645998
Nanning,22.8167,108.3167,64.4,63,75,4.47,CN,1611646009
Acaraú,-2.8856,-40.12,78.19,86,100,11.07,BR,1611646021
Tadine,-21.55,167.8833,76.82,82,100,18.95,NC,1611646032
Jinchang,38.4953,102.1739,31.6,71,0,5.3,CN,1611646043
La Unión,-5.4,-80.75,77.32,61,73,9.35,PE,1611646054
Pacifica,37.6138,-122.4869,46.99,66,20,14.97,US,1611646065
San Juan,-31.5375,-68.5364,82.51,32,94,6.02,AR,1611645813
Sørland,67.667,12.6934,35.6,87,75,20.71,NO,1611646087
Tanout,14.9709,8.8879,60.44,25,62,13.42,NE,1611646098
Suntar,62.1444,117.6319,-39.6,80,54,3.53,RU,1611646109
Ribeira Grande,38.5167,-28.7,64.4,88,40,17.27,PT,1611646121
Santa Catarina de Tepehuanes,25.35,-105.7333,39.47,71,44,5.08,MX,1611646132
Warrington,53.3925,-2.5802,35.6,87,90,6.91,GB,1611646143
Pokhara,28.2333,83.9833,69.4,30,0,6.64,NP,1611646154
Edd,13.9297,41.6925,83.59,30,72,5.14,ER,1611646165
Bulgan,48.8125,103.5347,1.65,81,85,8.99,MN,1611646176
Sakaiminato,35.55,133.2333,48.2,93,90,4.61,JP,1611645904
Labuan,5.2767,115.2417,86.0,70,20,8.05,MY,1611646198
Kangaba,11.9333,-8.4167,67.35,21,27,7.38,ML,1611646217
Tambura,5.6,27.4667,88.09,24,39,3.2,SS,1611646228
Kramat,-8.1311,113.4499,82.98,74,28,7.74,ID,1611646239
Valparaíso,-33.0393,-71.6273,59.0,94,90,2.3,CL,1611646250
Assiut,27.181,31.1837,44.6,87,0,11.5,EG,1611646261
Lukovetskiy,64.2956,41.9211,33.8,100,90,3.71,RU,1611646272
Ormara,25.2088,64.6357,70.12,26,0,7.38,PK,1611646283
Porto Velho,-8.7619,-63.9039,75.2,94,0,2.3,BR,1611646011
Havelock,34.8791,-76.9013,46.99,100,90,3.44,US,1611646306
